{"1": {"action": [-0.07807628366854513, 0.5867365604164771], "state": {"0": [449.4384066084521, 268.87292264519124], "3": [774.0, 236.0], "1": [750.0, 250.0], "2": [774.0, 264.0], "white": [449.4384066084521, 268.87292264519124]}}, "2": {"action": [-0.2491698187632554, 0.2605640895047009], "state": {"0": [681.7280964821935, 119.44086781511301], "3": [774.0, 236.0], "1": [750.0, 250.0], "2": [774.0, 264.0], "white": [681.7280964821935, 119.44086781511301]}}, "3": {"action": [-0.3510568688315825, 0.6417793396870393], "state": {"0": [793.5648878468971, 244.16127067143842], "3": [745.0978914879753, 216.09792040348893], "1": [478.18633843514385, 408.55796924616567], "2": [768.1776631097568, 271.5111658458931], "white": [793.5648878468971, 244.16127067143842]}}, "4": {"action": [0.07273793023691644, 0.6139765676007114], "state": {"0": [607.7247440885122, 242.26813857224448], "3": [745.0978914879753, 216.09792040348893], "1": [478.18633843514385, 408.55796924616567], "2": [768.1776631097568, 271.5111658458931], "white": [607.7247440885122, 242.26813857224448]}}, "5": {"action": [0.9638364645383017, 0.9682273902624371], "state": {"3": [745.0978914879753, 216.09792040348893], "1": [478.18633843514385, 408.55796924616567], "2": [768.1776631097568, 271.5111658458931], "0": [266.0, 250.0], "white": [266.0, 250.0]}}, "6": {"action": [-0.873744366257176, 0.18177681124647838], "state": {"3": [745.0978914879753, 216.09792040348893], "1": [478.18633843514385, 408.55796924616567], "2": [768.1776631097568, 271.5111658458931], "0": [353.1701160737327, 389.48065599066183], "white": [353.1701160737327, 389.48065599066183]}}, "7": {"action": [0.27627123451194224, 0.9480809658597692], "state": {"3": [745.0978914879753, 216.09792040348893], "1": [478.18633843514385, 408.55796924616567], "2": [768.1776631097568, 271.5111658458931], "0": [688.2526196024663, 330.3843618397171], "white": [688.2526196024663, 330.3843618397171]}}, "8": {"action": [-0.4334580819559948, 0.7049028167439038], "state": {"3": [475.9770859417364, 132.96103777620786], "1": [478.18633843514385, 408.55796924616567], "2": [574.699554034607, 399.5173083428705], "0": [784.5500783665949, 179.68411942999623], "white": [784.5500783665949, 179.68411942999623]}}, "9": {"action": [-0.9138129839687266, 0.5202157946104348], "state": {"3": [475.9770859417364, 132.96103777620786], "1": [478.18633843514385, 408.55796924616567], "2": [574.699554034607, 399.5173083428705], "0": [885.8796043771434, 98.2360596365424], "white": [885.8796043771434, 98.2360596365424]}}, "10": {"action": [-0.5142431057348074, 0.024934672550909975], "state": {"3": [475.9770859417364, 132.96103777620786], "1": [478.18633843514385, 408.55796924616567], "2": [574.699554034607, 399.5173083428705], "0": [899.5081965563107, 98.84004465942178], "white": [899.5081965563107, 98.84004465942178]}}, "11": {"action": [0.8908076034567889, 0.9269002259172218], "state": {"3": [475.9770859417364, 132.96103777620786], "1": [478.18633843514385, 408.55796924616567], "2": [574.699554034607, 399.5173083428705], "0": [266.0, 250.0], "white": [266.0, 250.0]}}, "12": {"action": [0.21924670233154298, 0.7071583079024253], "state": {"3": [475.9770859417364, 132.96103777620786], "1": [478.18633843514385, 408.55796924616567], "2": [574.699554034607, 399.5173083428705], "0": [419.9850834171446, 294.7395462087378], "white": [419.9850834171446, 294.7395462087378]}}, "13": {"action": [0.027160767460716384, 0.6642987188376641], "state": {"3": [475.9770859417364, 132.96103777620786], "1": [478.18633843514385, 408.55796924616567], "2": [574.699554034607, 399.5173083428705], "0": [341.7376381091313, 203.33579252645418], "white": [341.7376381091313, 203.33579252645418]}}, "14": {"action": [-0.2128502411781792, 0.4144309792297801], "state": {"3": [474.70364370049566, 348.0599837348853], "1": [478.18633843514385, 408.55796924616567], "2": [574.699554034607, 399.5173083428705], "0": [677.5949502940334, 120.75893105276528], "white": [677.5949502940334, 120.75893105276528]}}, "15": {"action": [-0.7340509318746145, 0.8081809665886462], "state": {"3": [474.70364370049566, 348.0599837348853], "1": [478.18633843514385, 408.55796924616567], "2": [574.699554034607, 399.5173083428705], "0": [423.3794470666513, 102.24931469856061], "white": [423.3794470666513, 102.24931469856061]}}, "16": {"action": [0.5202889493469849, 0.008175658805654185], "state": {"3": [474.70364370049566, 348.0599837348853], "1": [478.18633843514385, 408.55796924616567], "2": [574.699554034607, 399.5173083428705], "0": [423.6538818429081, 102.23184366651029], "white": [423.6538818429081, 102.23184366651029]}}, "17": {"action": [0.05962477732904725, 0.9045666220321815], "state": {"3": [474.70364370049566, 348.0599837348853], "1": [478.18633843514385, 408.55796924616567], "2": [574.699554034607, 399.5173083428705], "0": [188.77393626344988, 289.4791029788731], "white": [188.77393626344988, 289.4791029788731]}}, "18": {"action": [-0.4189320141701822, 0.737720280382912], "state": {"3": [474.70364370049566, 348.0599837348853], "1": [478.18633843514385, 408.55796924616567], "2": [574.699554034607, 399.5173083428705], "0": [731.6186745540639, 105.16756244537304], "white": [731.6186745540639, 105.16756244537304]}}, "19": {"action": [0.15175846987396424, 0.7466620446778529], "state": {"3": [474.70364370049566, 348.0599837348853], "1": [478.18633843514385, 408.55796924616567], "2": [574.699554034607, 399.5173083428705], "0": [266.0, 250.0], "white": [266.0, 250.0]}}, "20": {"action": [-0.9774087022431597, 0.03440499859627577], "state": {"3": [474.70364370049566, 348.0599837348853], "1": [478.18633843514385, 408.55796924616567], "2": [574.699554034607, 399.5173083428705], "0": [267.8712446660331, 276.4382619791054], "white": [267.8712446660331, 276.4382619791054]}}, "21": {"action": [0.29052045845376373, 0.21978063451357255], "state": {"3": [474.70364370049566, 348.0599837348853], "1": [478.18633843514385, 408.55796924616567], "2": [574.699554034607, 399.5173083428705], "0": [103.67536185864338, 106.83922610819153], "white": [103.67536185864338, 106.83922610819153]}}, "22": {"action": [-0.0922002821584178, 0.541450157275787], "state": {"3": [474.70364370049566, 348.0599837348853], "1": [478.18633843514385, 408.55796924616567], "2": [574.699554034607, 399.5173083428705], "0": [307.4339886939234, 224.7803302621951], "white": [307.4339886939234, 224.7803302621951]}}, "23": {"action": [-0.7284543036149025, 0.12549515608831197], "state": {"3": [474.70364370049566, 348.0599837348853], "1": [478.18633843514385, 408.55796924616567], "2": [574.699554034607, 399.5173083428705], "0": [420.1678536869927, 323.46922173012734], "white": [420.1678536869927, 323.46922173012734]}}, "24": {"action": [-0.11827874705927899, 0.4631896593470963], "state": {"3": [474.70364370049566, 348.0599837348853], "1": [478.18633843514385, 408.55796924616567], "2": [574.699554034607, 399.5173083428705], "0": [246.80053117385884, 156.9617819404778], "white": [246.80053117385884, 156.9617819404778]}}, "25": {"action": [-0.19983842646049998, 0.44346706447964623], "state": {"3": [474.70364370049566, 348.0599837348853], "1": [478.18633843514385, 408.55796924616567], "2": [604.2019798515965, 412.76221530389284], "0": [556.3484742962793, 379.1107812185371], "white": [556.3484742962793, 379.1107812185371]}}, "26": {"action": [0.678664495660426, 0.8453477476248902], "state": {"3": [474.70364370049566, 348.0599837348853], "1": [273.1111360873483, 222.13519671069787], "2": [604.2019798515965, 412.76221530389284], "0": [266.0, 250.0], "white": [266.0, 250.0]}}, "27": {"action": [0.6048434362399351, 0.9018758007234758], "state": {"3": [474.70364370049566, 348.0599837348853], "1": [273.1111360873483, 222.13519671069787], "2": [604.2019798515965, 412.76221530389284], "0": [917.3790001081996, 228.96866369930908], "white": [917.3790001081996, 228.96866369930908]}}, "28": {"action": [-0.5693673605078302, 0.4173359244260415], "state": {"3": [437.8515034188344, 362.6806087904002],